-- phpMyAdmin SQL Dump
-- version 4.9.2
-- https://www.phpmyadmin.net/
--
-- Host: 127.0.0.1
-- Waktu pembuatan: 21 Feb 2021 pada 13.46
-- Versi server: 10.4.10-MariaDB
-- Versi PHP: 7.3.12

SET SQL_MODE = "NO_AUTO_VALUE_ON_ZERO";
SET AUTOCOMMIT = 0;
START TRANSACTION;
SET time_zone = "+00:00";


/*!40101 SET @OLD_CHARACTER_SET_CLIENT=@@CHARACTER_SET_CLIENT */;
/*!40101 SET @OLD_CHARACTER_SET_RESULTS=@@CHARACTER_SET_RESULTS */;
/*!40101 SET @OLD_COLLATION_CONNECTION=@@COLLATION_CONNECTION */;
/*!40101 SET NAMES utf8mb4 */;

--
-- Database: `blanja`
--

-- --------------------------------------------------------

--
-- Struktur dari tabel `address`
--

CREATE TABLE `address` (
  `id` int(11) NOT NULL,
  `addrs_name` varchar(255) NOT NULL,
  `recipient` varchar(255) NOT NULL,
  `address` varchar(255) NOT NULL,
  `user_id` int(11) NOT NULL,
  `created_at` datetime NOT NULL DEFAULT current_timestamp()
) ENGINE=InnoDB DEFAULT CHARSET=utf8mb4;

--
-- Dumping data untuk tabel `address`
--

INSERT INTO `address` (`id`, `addrs_name`, `recipient`, `address`, `user_id`, `created_at`) VALUES
(1, 'Home', 'Richard', 'Jl. Babakan Jeruk 1 Bandung', 12, '2021-02-21 15:00:35'),
(2, 'Office', 'Jhone', 'Jl Baladewa No 1 Bandung', 20, '2021-02-21 15:00:35'),
(29, 'Home 2', 'Ritsu', 'Jl. Padajaran No.45 Bandung Jawa Barat 40781', 20, '2021-02-21 15:00:35'),
(30, 'Parent Home', 'Zuli', 'Jl. Wastukencana No.2', 20, '2021-02-21 15:00:35'),
(39, 'Home', 'Ghaly Ramadhan', 'Jl Tipar TImur Jakarta Utara Indonesia CIlincing 14130', 98, '2021-02-21 15:00:35');

-- --------------------------------------------------------

--
-- Struktur dari tabel `category_product`
--

CREATE TABLE `category_product` (
  `ctg_id` int(11) NOT NULL,
  `ctg_name` varchar(100) NOT NULL
) ENGINE=InnoDB DEFAULT CHARSET=utf8mb4;

--
-- Dumping data untuk tabel `category_product`
--

INSERT INTO `category_product` (`ctg_id`, `ctg_name`) VALUES
(1, 'Shoes'),
(3, 'Shirt'),
(4, 'Short'),
(5, 'Jacket'),
(6, 'Pants'),
(7, 'Backpack'),
(8, 'Handbag'),
(9, 'Watch'),
(10, 'Home'),
(11, 'electronic');

-- --------------------------------------------------------

--
-- Struktur dari tabel `color`
--

CREATE TABLE `color` (
  `id` int(11) NOT NULL,
  `color_type` varchar(25) NOT NULL
) ENGINE=InnoDB DEFAULT CHARSET=utf8mb4;

--
-- Dumping data untuk tabel `color`
--

INSERT INTO `color` (`id`, `color_type`) VALUES
(1, 'Merah'),
(2, 'Kuning'),
(3, 'Hijau'),
(4, 'Biru'),
(5, 'Coklat'),
(6, 'Abu - Abu'),
(7, 'Hitam');

-- --------------------------------------------------------

--
-- Struktur dari tabel `conditions`
--

CREATE TABLE `conditions` (
  `cndtn_id` int(11) NOT NULL,
  `cndtn_type` varchar(100) NOT NULL
) ENGINE=InnoDB DEFAULT CHARSET=utf8mb4;

--
-- Dumping data untuk tabel `conditions`
--

INSERT INTO `conditions` (`cndtn_id`, `cndtn_type`) VALUES
(1, 'New'),
(2, 'Second');

-- --------------------------------------------------------

--
-- Struktur dari tabel `invoice`
--

CREATE TABLE `invoice` (
  `id` int(11) NOT NULL,
  `invoice_id` varchar(255) NOT NULL,
  `user_id` int(11) DEFAULT NULL,
  `qty` int(11) NOT NULL,
  `price` int(11) DEFAULT NULL,
  `seller_id` int(11) DEFAULT NULL,
  `status` varchar(255) DEFAULT NULL,
  `created_at` datetime NOT NULL DEFAULT current_timestamp()
) ENGINE=InnoDB DEFAULT CHARSET=utf8mb4;

--
-- Dumping data untuk tabel `invoice`
--

INSERT INTO `invoice` (`id`, `invoice_id`, `user_id`, `qty`, `price`, `seller_id`, `status`, `created_at`) VALUES
(13, 'INV/2021/20/20q36P', 20, 5, 8800000, 12, 'Delivered', '2021-02-21 15:01:02'),
(18, 'INV/2021/20/mGgYKv', 20, 2, 1150000, 12, 'Shipping', '2021-02-21 15:01:02'),
(19, 'INV/2021/20/X73C5a', 20, 1, 3000000, 12, 'Delivered', '2021-02-21 15:01:02'),
(20, 'INV/2021/20/pNW2VC', 20, 1, 3000000, 12, 'Packing', '2021-02-21 15:01:02'),
(24, 'INV/2021/20/tiryby', 20, 1, 3012000, 12, 'Shipping', '2021-02-21 15:01:02'),
(25, 'INV/2021/20/DDeAj9', 20, 1, 700000, 96, 'Delivered', '2021-02-21 15:01:02'),
(26, 'INV/2021/20/ZVpaQF', 20, 2, 1390000, 96, 'Packing', '2021-02-21 15:01:02'),
(27, 'INV/2021/98/jazvXE', 98, 1, 862000, 97, 'Delivered', '2021-02-21 15:01:02'),
(28, 'INV/2021/98/78N9wa', 98, 1, 197000, 97, 'Delivered', '2021-02-21 15:01:02');

-- --------------------------------------------------------

--
-- Struktur dari tabel `levels`
--

CREATE TABLE `levels` (
  `id` int(11) NOT NULL,
  `level` varchar(255) NOT NULL
) ENGINE=InnoDB DEFAULT CHARSET=utf8mb4;

--
-- Dumping data untuk tabel `levels`
--

INSERT INTO `levels` (`id`, `level`) VALUES
(1, 'Seller'),
(2, 'Customer');

-- --------------------------------------------------------

--
-- Struktur dari tabel `products`
--

CREATE TABLE `products` (
  `prd_id` int(11) NOT NULL,
  `prd_name` varchar(100) NOT NULL,
  `prd_brand` varchar(100) NOT NULL,
  `prd_price` int(11) NOT NULL,
  `cndtn_id` int(11) NOT NULL,
  `prd_description` varchar(255) NOT NULL,
  `size_id` int(11) NOT NULL,
  `prd_image` varchar(255) NOT NULL,
  `prd_ctg` int(11) NOT NULL,
  `prd_rating` float NOT NULL,
  `user_id` int(11) DEFAULT NULL,
  `created_at` datetime NOT NULL DEFAULT current_timestamp(),
  `updated_at` datetime NOT NULL DEFAULT current_timestamp()
) ENGINE=InnoDB DEFAULT CHARSET=utf8mb4;

--
-- Dumping data untuk tabel `products`
--

INSERT INTO `products` (`prd_id`, `prd_name`, `prd_brand`, `prd_price`, `cndtn_id`, `prd_description`, `size_id`, `prd_image`, `prd_ctg`, `prd_rating`, `user_id`, `created_at`, `updated_at`) VALUES
(4, 'Compass Brand Lokal', 'Compass', 3000000, 1, 'Lorem ipsum dolor sit amet, consectetur adipiscing elit, sed do eiusmod tempor incididunt ut labore et dolore magna aliqua.', 1, '[\"/images/1610347171907-image.jpg\"]', 1, 4.5, 12, '2020-11-23 00:00:00', '2020-11-23 00:00:00'),
(5, 'New Balance 999 Classic Shoes', 'New Balance', 2000000, 1, 'Sepatu Trendy cocok untuk aktivitas harian', 1, '[\"/images/1608115028199-image.jpg\"]', 1, 4.9, 12, '2020-11-23 00:00:00', '2021-01-21 00:00:00'),
(6, 'Sepatu Adidas Ultra Booster', 'Adidas', 2000000, 1, 'Sepatu Trendy cocok untuk aktivitas harian', 4, '[\"/images/1608115603010-image.jpg\"]', 1, 4.4, 12, '2020-11-23 00:00:00', '2021-01-21 00:00:00'),
(17, 'Jacket Nike', 'Nike', 550000, 1, 'Nyaman dipakai setiap hari senin  sampai jum\'at', 9, '[\"/images/1608135747310-image.jpg\",\"/images/1608135747311-image.jpg\"]', 5, 4.7, 12, '2020-12-01 00:00:00', '2020-12-01 00:00:00'),
(18, 'Tas Eiger', 'Eiger', 550000, 1, 'Awet dipakai ke gunung atau pantai', 9, '[\"/images/1608135757285-image.jpg\",\"/images/1608135757287-image.jpg\"]', 7, 4.7, 12, '2020-12-01 00:00:00', '2020-12-01 00:00:00'),
(21, 'Nike Shirt', 'Nike', 150111, 1, 'Baju Baru Alhamdulillah', 5, '[\"/images/1608135767522-image.jpg\",\"/images/1608135767523-image.jpg\"]', 3, 4.7, 3, '2020-12-02 00:00:00', '2020-12-08 00:00:00'),
(23, 'Celana Pendek Eiger', 'Eiger', 99000, 1, 'Pendek tapi tahan lama', 5, '[\"/images/1608135780046-image.jpg\",\"/images/1608135780046-image.jpg\"]', 4, 5, 3, '2020-12-02 00:00:00', '2020-12-02 00:00:00'),
(24, 'Celana Jeans Levis Ori', 'Levis', 250000, 1, 'Gaul dan Kekinian', 5, '[\"/images/1608135782979-image.jpg\",\"/images/1608135782982-image.jpg\"]', 6, 5, 3, '2020-12-02 00:00:00', '2020-12-02 00:00:00'),
(25, 'Watch Man Series123', 'Timex', 800000, 1, 'For Adventure Man', 5, '[\"/images/1610346741333-image.jpg\"]', 9, 4.5, 12, '2020-12-02 00:00:00', '2020-12-06 00:00:00'),
(26, 'Tas Eiger 2.0', 'Eiger', 895623, 1, 'baggus banget', 5, '[\"/images/1608135806670-image.jpg\",\"/images/1608135806671-image.jpg\"]', 4, 4.5, 3, '2020-12-02 00:00:00', '2020-12-07 00:00:00'),
(27, 'Celana Adidas', 'Adidas', 800000, 1, 'Awet Baru', 5, '[\"/images/1608135931310-image.jpg\",\"/images/1608135931310-image.jpg\"]', 4, 4.5, 12, '2020-12-07 00:00:00', '2020-12-16 00:00:00'),
(28, 'tas baru', 'nike', 200000, 1, 'anti hujan', 5, '[\"/images/1608135934897-image.jpg\",\"/images/1608135934897-image.jpg\"]', 4, 4.5, 3, '2020-12-04 00:00:00', '2020-12-04 00:00:00'),
(29, 'New Balance 991 Shoes', 'New Balance', 2000000, 1, 'Sepatu Trendy cocok untuk aktivitas harian', 1, '[\"/images/1608115140449-image.jpg\"]', 1, 4.9, 12, '2020-12-05 00:00:00', '2020-12-16 00:00:00'),
(31, 'Tas Adidas 1', 'Adidas wakabayasi', 350000, 1, 'test masuk ga ya', 5, '[\"/images/1607533655137-image.jpg\",\"/images/1607533655138-image.jpg\"]', 1, 4.5, 3, '2020-12-08 00:00:00', '2020-12-08 00:00:00'),
(33, 'sepatu nb merah', 'Nb', 80000, 1, 'test masuk ga ya', 5, '[\"/images/1608082412690-image.jpg\"]', 1, 4.5, 3, '2020-11-23 00:00:00', '2020-11-23 00:00:00'),
(34, 'sepatu nb yellow', 'Nb', 800364, 1, 'Bisa Ayo', 5, '[\"/images/1607440306209-image.jpg\",\"/images/1607440306211-image.jpg\"]', 1, 4.5, 12, '2020-12-08 00:00:00', '2020-12-08 00:00:00'),
(37, 'Yoki Black Formal', 'Yongki', 800364, 1, 'Bisa Ayo', 5, '[\"/images/1607528204581-image.jpg\",\"/images/1607528204582-image.jpg\"]', 1, 4.5, 3, '2020-12-09 00:00:00', '2020-12-09 00:00:00'),
(38, 'Yongki Brown Casual', 'Yongki', 800364, 1, 'Bisa Ayo', 5, '[\"/images/1607532188974-image.jpg\",\"/images/1607532188975-image.jpg\"]', 1, 4.5, 3, '2020-12-09 00:00:00', '2020-12-09 00:00:00'),
(39, 'Mercurial Assist v.99', 'Nike', 800364, 1, 'Bisa Ayo', 5, '[\"/images/1607532267607-image.jpg\",\"/images/1607532267608-image.jpg\"]', 1, 4.5, 3, '2020-12-09 00:00:00', '2020-12-09 00:00:00'),
(40, 'Adidas', 'Adidas wakabayasi', 350000, 1, 'Bisa Ayo', 5, '[\"/images/1608114191781-image.jpg\"]', 1, 4.5, 3, '2020-11-23 00:00:00', '2021-01-05 00:00:00'),
(41, 'test tas image array 22', 'Nike', 800364, 1, 'Bisa Ayo', 5, '[\"/images/1607579652767-image.jpg\",\"/images/1607579652768-image.jpg\"]', 1, 4.5, 3, '2020-11-23 00:00:00', '2021-01-05 00:00:00'),
(42, 'Nike New', 'Nike', 700364, 1, 'Bisa Ayo', 5, '[\"/images/1607580110330-image.jpg\",\"/images/1607580110332-image.jpg\"]', 1, 4.5, 3, '2020-11-23 00:00:00', '2021-01-05 00:00:00'),
(43, 'test tas image array 23', 'Adidas wakabayasi', 800364, 1, 'Bisa Ayo', 5, '[\"/images/1608115095443-image.jpg\"]', 1, 4.5, 3, '2020-11-23 00:00:00', '2021-01-05 00:00:00'),
(47, 'Tas Eiger 2.1', 'uniqlo', 500000, 1, 'baggus banget', 5, '[\"/images/1608042671143-image.jpg\"]', 1, 4.5, 3, '2020-11-23 00:00:00', '2021-01-05 00:00:00'),
(48, 'Tas Eiger 2.1', 'uniqlo', 500000, 1, 'baggus banget', 5, '[\"/images/1608027193732-image.jpg\"]', 1, 4.5, 3, '2020-11-23 00:00:00', '2021-01-05 00:00:00'),
(92, 'Tas Rei', 'Rei New', 600090, 0, 'Tas untuk sehari hari', 0, '[\"/images/1611195458337-image.jpg\",\"/images/1611195458345-image.jpg\"]', 7, 0, 12, '2021-01-21 00:00:00', '2021-01-21 00:00:00'),
(95, 'Nike Black', 'Nike', 500000, 0, 'New Product', 0, '[\"/images/1611808613758-image.jpg\",\"/images/1611808613763-image.jpg\"]', 1, 0, 12, '2021-01-28 00:00:00', '2021-01-28 00:00:00'),
(103, 'Jam', 'eiger', 689000, 0, 'Baru', 0, '[\"/images/1613462631053-image.jpg\"]', 9, 0, 96, '2021-02-16 00:00:00', '2021-02-16 00:00:00'),
(104, 'Rongshop gaming', 'Joytech', 850000, 0, 'HARGA bersahabat', 0, '[\"/images/1613885640390-image.jpg\",\"/images/1613885640621-image.jpg\",\"/images/1613885640874-image.jpg\"]', 9, 0, 97, '2021-02-21 00:00:00', '2021-02-21 00:00:00'),
(105, 'Springbed mamalove', 'Kintakun', 186000, 0, 'Springbed for family value for money', 0, '[\"/images/1613887113917-image.jpg\",\"/images/1613887114966-image.jpg\",\"/images/1613887115645-image.jpg\",\"/images/1613887116305-image.jpg\"]', 10, 0, 97, '2021-02-21 00:00:00', '2021-02-21 00:00:00');

-- --------------------------------------------------------

--
-- Struktur dari tabel `product_color`
--

CREATE TABLE `product_color` (
  `pc_id` int(11) NOT NULL,
  `prd_id` int(11) NOT NULL,
  `clr_id` int(11) NOT NULL
) ENGINE=InnoDB DEFAULT CHARSET=utf8mb4;

--
-- Dumping data untuk tabel `product_color`
--

INSERT INTO `product_color` (`pc_id`, `prd_id`, `clr_id`) VALUES
(1, 4, 4),
(2, 4, 5),
(3, 5, 1),
(4, 5, 2),
(5, 6, 3),
(6, 6, 4),
(7, 7, 5),
(8, 7, 6),
(9, 8, 7),
(10, 8, 7),
(11, 9, 5),
(12, 9, 3),
(13, 10, 4),
(14, 10, 1),
(15, 8, 2),
(16, 9, 6),
(17, 12, 4),
(18, 13, 5),
(19, 23, 5),
(20, 95, 1),
(21, 95, 2),
(22, 95, 3),
(23, 92, 6),
(24, 27, 1),
(25, 29, 4),
(26, 17, 5),
(27, 25, 5),
(28, 103, 7),
(29, 104, 7),
(30, 105, 1),
(31, 105, 2),
(32, 105, 3),
(33, 105, 4),
(34, 105, 5),
(35, 105, 7);

-- --------------------------------------------------------

--
-- Struktur dari tabel `product_size`
--

CREATE TABLE `product_size` (
  `ps_id` int(11) NOT NULL,
  `prd_id` int(11) NOT NULL,
  `sz_id` int(11) NOT NULL
) ENGINE=InnoDB DEFAULT CHARSET=utf8mb4;

--
-- Dumping data untuk tabel `product_size`
--

INSERT INTO `product_size` (`ps_id`, `prd_id`, `sz_id`) VALUES
(0, 12, 8),
(1, 4, 5),
(2, 4, 6),
(3, 5, 3),
(4, 5, 4),
(5, 5, 5),
(6, 6, 1),
(7, 7, 7),
(8, 8, 8),
(9, 9, 9),
(10, 10, 10),
(12, 13, 9),
(13, 12, 8),
(14, 12, 9),
(23, 9, 3),
(24, 23, 9),
(25, 95, 1),
(27, 95, 3),
(28, 92, 10),
(29, 27, 7),
(30, 27, 8),
(31, 27, 9),
(32, 29, 1),
(33, 29, 6),
(34, 25, 9),
(35, 103, 9),
(36, 104, 6),
(37, 105, 7),
(38, 105, 8),
(39, 105, 9),
(40, 105, 10);

-- --------------------------------------------------------

--
-- Struktur dari tabel `reviews`
--

CREATE TABLE `reviews` (
  `id` int(11) NOT NULL,
  `review` varchar(255) NOT NULL,
  `user_id` int(11) NOT NULL,
  `prd_id` int(11) NOT NULL,
  `rating` int(11) NOT NULL,
  `date_rating` varchar(255) NOT NULL
) ENGINE=InnoDB DEFAULT CHARSET=utf8mb4;

--
-- Dumping data untuk tabel `reviews`
--

INSERT INTO `reviews` (`id`, `review`, `user_id`, `prd_id`, `rating`, `date_rating`) VALUES
(1, 'nyaman dipakai', 12, 4, 4, 'Jan 01, 2021'),
(4, 'nyaman dipakai 2', 11, 4, 5, 'Jan 02, 2021'),
(9, 'Barang sangat bagus banget', 10, 4, 5, 'Feb 12, 2021'),
(13, 'Rating Baru nih', 12, 5, 5, 'Feb 14, 2021'),
(15, '', 12, 84, 0, 'Feb 14, 2021'),
(16, 'test', 20, 6, 5, 'Feb 14, 2021'),
(18, 'Test 12378', 12, 6, 3, 'Feb 14, 2021'),
(20, 'Barang tidak sesuai....', 20, 5, 2, 'Feb 16, 2021');

-- --------------------------------------------------------

--
-- Struktur dari tabel `room_list`
--

CREATE TABLE `room_list` (
  `id` int(11) NOT NULL,
  `cus_id` int(11) NOT NULL,
  `seller_id` int(11) NOT NULL,
  `room_id` varchar(255) NOT NULL
) ENGINE=InnoDB DEFAULT CHARSET=utf8mb4;

--
-- Dumping data untuk tabel `room_list`
--

INSERT INTO `room_list` (`id`, `cus_id`, `seller_id`, `room_id`) VALUES
(6, 20, 12, 'c20s12'),
(7, 96, 96, 'c96s96'),
(9, 98, 97, 'c98s97');

-- --------------------------------------------------------

--
-- Struktur dari tabel `size`
--

CREATE TABLE `size` (
  `size_id` int(11) NOT NULL,
  `size_prd` varchar(100) NOT NULL
) ENGINE=InnoDB DEFAULT CHARSET=utf8mb4;

--
-- Dumping data untuk tabel `size`
--

INSERT INTO `size` (`size_id`, `size_prd`) VALUES
(1, '42'),
(3, '38'),
(4, '39'),
(5, '40'),
(6, '41'),
(7, 'S'),
(8, 'M'),
(9, 'L'),
(10, 'XL');

-- --------------------------------------------------------

--
-- Struktur dari tabel `tb_chat`
--

CREATE TABLE `tb_chat` (
  `id` int(11) NOT NULL,
  `chatMessage` varchar(255) NOT NULL,
  `sender` varchar(255) NOT NULL,
  `senderName` varchar(255) NOT NULL,
  `room_id` varchar(255) NOT NULL
) ENGINE=InnoDB DEFAULT CHARSET=utf8mb4;

--
-- Dumping data untuk tabel `tb_chat`
--

INSERT INTO `tb_chat` (`id`, `chatMessage`, `sender`, `senderName`, `room_id`) VALUES
(2, 'Hello', '20', 'zia', 'c20s12'),
(3, 'Barangnya Ready kaka ?', '20', 'zia', 'c20s12'),
(4, 'Ready Kak', '12', 'hendra', 'c20s12'),
(5, 'Silahkan di order :)', '12', 'hendra', 'c20s12'),
(6, 'Product are already?', '98', 'Eren yeagah', 'c98s97'),
(7, 'Yes mam', '97', 'luffy d monkey', 'c98s97'),
(8, 'Oke product excellent', '98', 'Eren yeagah', 'c98s97'),
(9, 'Good seller', '98', 'Eren yeagah', 'c98s97'),
(10, 'Thanky you ', '97', 'luffy d monkey', 'c98s97');

-- --------------------------------------------------------

--
-- Struktur dari tabel `tb_otp`
--

CREATE TABLE `tb_otp` (
  `id` int(11) NOT NULL,
  `otp` varchar(255) NOT NULL
) ENGINE=InnoDB DEFAULT CHARSET=utf8mb4;

--
-- Dumping data untuk tabel `tb_otp`
--

INSERT INTO `tb_otp` (`id`, `otp`) VALUES
(29, 'fUF86L');

-- --------------------------------------------------------

--
-- Struktur dari tabel `token_blacklist`
--

CREATE TABLE `token_blacklist` (
  `id` int(11) NOT NULL,
  `token` varchar(255) NOT NULL
) ENGINE=InnoDB DEFAULT CHARSET=utf8mb4;

-- --------------------------------------------------------

--
-- Struktur dari tabel `token_whitelist`
--

CREATE TABLE `token_whitelist` (
  `id` int(11) NOT NULL,
  `token` varchar(255) NOT NULL
) ENGINE=InnoDB DEFAULT CHARSET=utf8mb4;

--
-- Dumping data untuk tabel `token_whitelist`
--

INSERT INTO `token_whitelist` (`id`, `token`) VALUES
(203, 'eyJhbGciOiJIUzI1NiIsInR5cCI6IkpXVCJ9.eyJlbWFpbCI6Im1naGFseXJhbWFkaGFuQGdtYWlsLmNvbSIsImxldmVsIjoiU2VsbGVyIiwiaWF0IjoxNjEzODg2NzY5LCJleHAiOjE2MTY0Nzg3Njl9.q0wdeU8X1bE8XiHv2a1sKHmxH-1IgR2poB8OT9qZDAc'),
(201, 'eyJhbGciOiJIUzI1NiIsInR5cCI6IkpXVCJ9.eyJlbWFpbCI6Im1vY2hhbW1hZGdoYWx5QGdtYWlsLmNvbSIsImxldmVsIjoiQ3VzdG9tZXIiLCJpYXQiOjE2MTM4ODU2ODQsImV4cCI6MTYxNjQ3NzY4NH0.QKc9V0oBPd4IWGh38Guc8_bcm48xXO_mnPcA_dnocc4'),
(204, 'eyJhbGciOiJIUzI1NiIsInR5cCI6IkpXVCJ9.eyJlbWFpbCI6Im1vY2hhbW1hZGdoYWx5QGdtYWlsLmNvbSIsImxldmVsIjoiQ3VzdG9tZXIiLCJpYXQiOjE2MTM4ODY4MjMsImV4cCI6MTYxNjQ3ODgyM30.PCui7yo2j8A_htANPO_40Cf5C_PjKqbSmGlrhRbUP9c'),
(205, 'eyJhbGciOiJIUzI1NiIsInR5cCI6IkpXVCJ9.eyJlbWFpbCI6Im1vY2hhbW1hZGdoYWx5QGdtYWlsLmNvbSIsImxldmVsIjoiQ3VzdG9tZXIiLCJpYXQiOjE2MTM4OTA3NTYsImV4cCI6MTYxNjQ4Mjc1Nn0.Q5s3EBNOuwd8inDq2mLIIvrdBubcOLQGWaWKf4EUpZQ'),
(206, 'eyJhbGciOiJIUzI1NiIsInR5cCI6IkpXVCJ9.eyJlbWFpbCI6Im1vY2hhbW1hZGdoYWx5QGdtYWlsLmNvbSIsImxldmVsIjoiQ3VzdG9tZXIiLCJpYXQiOjE2MTM4OTEwMDAsImV4cCI6MTYxNjQ4MzAwMH0.7fuFKB0o05zmJIHZbfL04kehNw8ClmPUHPx_JW1uaW0'),
(207, 'eyJhbGciOiJIUzI1NiIsInR5cCI6IkpXVCJ9.eyJlbWFpbCI6Im1vY2hhbW1hZGdoYWx5QGdtYWlsLmNvbSIsImxldmVsIjoiQ3VzdG9tZXIiLCJpYXQiOjE2MTM4OTg3NTYsImV4cCI6MTYxMzk4NTE1Nn0.ArFS_NGAmhs2jmH0kxhfss4JcbunZndEc1K1dm0vLIA'),
(208, 'eyJhbGciOiJIUzI1NiIsInR5cCI6IkpXVCJ9.eyJlbWFpbCI6Im1vY2hhbW1hZGdoYWx5QGdtYWlsLmNvbSIsImxldmVsIjoiQ3VzdG9tZXIiLCJpYXQiOjE2MTM4OTg4NTksImV4cCI6MTYxMzk4NTI1OX0.L4lET7SoizAax-DnpqWXTJCmkO5DkI9NmjtXXH0X5sY'),
(211, 'eyJhbGciOiJIUzI1NiIsInR5cCI6IkpXVCJ9.eyJlbWFpbCI6Im1vY2hhbW1hZGdoYWx5QGdtYWlsLmNvbSIsImxldmVsIjoiQ3VzdG9tZXIiLCJpYXQiOjE2MTM5MDA0NzEsImV4cCI6MTYxMzk4Njg3MX0.0-YU4dxbEXUExsWju1u-gKDzLAGfHYZNv49VAZfo6_I'),
(135, 'eyJhbGciOiJIUzI1NiIsInR5cCI6IkpXVCJ9.eyJlbWFpbCI6ImhlbmRyYS5zb2xpaC5qcEBnbWFpbC5jb20iLCJsZXZlbCI6IlNlbGxlciIsImlhdCI6MTYxMjk2NzAxOX0.uIGuzV57Xzqjl5QiksawjMeVx4V8HG-0Q31aPZ5a3kU'),
(105, 'eyJhbGciOiJIUzI1NiIsInR5cCI6IkpXVCJ9.eyJlbWFpbCI6ImhlbmRyYS5zb2xpaC5qcEBnbWFpbC5jb20iLCJsZXZlbCI6IlNlbGxlciIsImlhdCI6MTYxMTcyNjQyOH0.RD1dvetjxKcf7R0JDb9p16FgMoQGCslydq1XroxVmXw'),
(106, 'eyJhbGciOiJIUzI1NiIsInR5cCI6IkpXVCJ9.eyJlbWFpbCI6ImhlbmRyYS5zb2xpaC5qcEBnbWFpbC5jb20iLCJsZXZlbCI6IlNlbGxlciIsImlhdCI6MTYxMTcyNjU2N30.V8kn6bLpMVYjfVH-awoph9iJ7tg8IazAot6sz0l1IE4'),
(111, 'eyJhbGciOiJIUzI1NiIsInR5cCI6IkpXVCJ9.eyJlbWFpbCI6ImhlbmRyYS5zb2xpaC5qcEBnbWFpbC5jb20iLCJsZXZlbCI6IlNlbGxlciIsImlhdCI6MTYxMTcyNzgzMH0.2xUjhq4FskLRCxu-w7lDiawCpM8uDlzxMMTV3e0q8Aw'),
(151, 'eyJhbGciOiJIUzI1NiIsInR5cCI6IkpXVCJ9.eyJlbWFpbCI6ImhlbmRyYS5zb2xpaC5qcEBnbWFpbC5jb20iLCJsZXZlbCI6IlNlbGxlciIsImlhdCI6MTYxMzA1NjE3MiwiZXhwIjoxNjEzMTQyNTcyfQ.7ZcpDfM6aIvHQ9qERadaSh3LBnLssz9Ac8G2NIcgHE8'),
(142, 'eyJhbGciOiJIUzI1NiIsInR5cCI6IkpXVCJ9.eyJlbWFpbCI6ImhlbmRyYS5zb2xpaC5qcEBnbWFpbC5jb20iLCJsZXZlbCI6IlNlbGxlciIsImlhdCI6MTYxMzAzMzczMSwiZXhwIjoxNjEzMDMzNzkxfQ.VgQOCKW7spBUGzf3d7afOCVvk_On1eOyVhrL5FxBgxs'),
(143, 'eyJhbGciOiJIUzI1NiIsInR5cCI6IkpXVCJ9.eyJlbWFpbCI6ImhlbmRyYS5zb2xpaC5qcEBnbWFpbC5jb20iLCJsZXZlbCI6IlNlbGxlciIsImlhdCI6MTYxMzAzNDAzMiwiZXhwIjoxNjEzMDM0MDkyfQ.uer_sMlH1Ft5f3roePqBVkQvRjA-ZP0ytJwcrjirRFA'),
(145, 'eyJhbGciOiJIUzI1NiIsInR5cCI6IkpXVCJ9.eyJlbWFpbCI6ImhlbmRyYS5zb2xpaC5qcEBnbWFpbC5jb20iLCJsZXZlbCI6IlNlbGxlciIsImlhdCI6MTYxMzAzNDkyMSwiZXhwIjoxNjEzMDM0OTgxfQ.8nxQq4D6ngbpof77Fsn3y3YPf-blRVW_JJ3xbHNq8Jc'),
(144, 'eyJhbGciOiJIUzI1NiIsInR5cCI6IkpXVCJ9.eyJlbWFpbCI6ImhlbmRyYS5zb2xpaC5qcEBnbWFpbC5jb20iLCJsZXZlbCI6IlNlbGxlciIsImlhdCI6MTYxMzAzNDY1NywiZXhwIjoxNjEzMDM0NzE3fQ.hgAjtD4P3WTbi8VFHzdDXFWcKOT438QAIoPbN2y0z6Y'),
(196, 'eyJhbGciOiJIUzI1NiIsInR5cCI6IkpXVCJ9.eyJlbWFpbCI6ImhlbmRyYS5zb2xpaC5qcEBnbWFpbC5jb20iLCJsZXZlbCI6IlNlbGxlciIsImlhdCI6MTYxMzQ3MDA1NCwiZXhwIjoxNjE2MDYyMDU0fQ.kPBal-x0z8JO1eV5CZoXSvWA4xOBwenxbjViZtYLAlQ'),
(181, 'eyJhbGciOiJIUzI1NiIsInR5cCI6IkpXVCJ9.eyJlbWFpbCI6ImhlbmRyYS5zb2xpaC5qcEBnbWFpbC5jb20iLCJsZXZlbCI6IlNlbGxlciIsImlhdCI6MTYxMzQwNDg0NCwiZXhwIjoxNjEzNDkxMjQ0fQ.KhogtMiqLLHGlm7F3U65xSxvWMxXug5SUYf0KlpPSg0'),
(182, 'eyJhbGciOiJIUzI1NiIsInR5cCI6IkpXVCJ9.eyJlbWFpbCI6ImhlbmRyYS5zb2xpaC5qcEBnbWFpbC5jb20iLCJsZXZlbCI6IlNlbGxlciIsImlhdCI6MTYxMzQwNDg4MiwiZXhwIjoxNjEzNDkxMjgyfQ.Yz9OD3R6iOFTnfXc0Ig58tDNQL1XyXBjed-czoxGVOA'),
(180, 'eyJhbGciOiJIUzI1NiIsInR5cCI6IkpXVCJ9.eyJlbWFpbCI6ImhlbmRyYS5zb2xpaC5qcEBnbWFpbC5jb20iLCJsZXZlbCI6IlNlbGxlciIsImlhdCI6MTYxMzQwNDgzOCwiZXhwIjoxNjEzNDkxMjM4fQ.oY2FSQwazxCqeluzRQQE9VgbM0WXfHY95z82ROtXtEw'),
(183, 'eyJhbGciOiJIUzI1NiIsInR5cCI6IkpXVCJ9.eyJlbWFpbCI6ImhlbmRyYS5zb2xpaC5qcEBnbWFpbC5jb20iLCJsZXZlbCI6IlNlbGxlciIsImlhdCI6MTYxMzQzODg0MiwiZXhwIjoxNjEzNTI1MjQyfQ.Rz3w8mKF02rCkBLWjiKEsI_uYYmZAtXxhZw6v1y3AjY'),
(184, 'eyJhbGciOiJIUzI1NiIsInR5cCI6IkpXVCJ9.eyJlbWFpbCI6ImhlbmRyYS5zb2xpaC5qcEBnbWFpbC5jb20iLCJsZXZlbCI6IlNlbGxlciIsImlhdCI6MTYxMzQzODg0OSwiZXhwIjoxNjEzNTI1MjQ5fQ.A2bZRiVYxHFIxJN-i2Cflp-sckNZhUcW9-A5rBn6Xfc'),
(102, 'eyJhbGciOiJIUzI1NiIsInR5cCI6IkpXVCJ9.eyJlbWFpbCI6InppYUBnbWFpbC5jb20iLCJsZXZlbCI6IkN1c3RvbWVyIiwiaWF0IjoxNjExNDczNTEyfQ.cjJUIsA4zyI5pKN_MfX9bTo2GpkgQY6Kxvavavq5ZsU'),
(112, 'eyJhbGciOiJIUzI1NiIsInR5cCI6IkpXVCJ9.eyJlbWFpbCI6InppYUBnbWFpbC5jb20iLCJsZXZlbCI6IkN1c3RvbWVyIiwiaWF0IjoxNjExNzI3OTk3fQ.-UexkK7IczaVEFefahuy0YMfzQzlno2pQnMb5oisXFU'),
(122, 'eyJhbGciOiJIUzI1NiIsInR5cCI6IkpXVCJ9.eyJlbWFpbCI6InppYUBnbWFpbC5jb20iLCJsZXZlbCI6IkN1c3RvbWVyIiwiaWF0IjoxNjExNzUzODM2fQ.v_-ubifskCKEQ43CEsrrmFUiGmhkUX4OJ1Brvg6b6tM'),
(128, 'eyJhbGciOiJIUzI1NiIsInR5cCI6IkpXVCJ9.eyJlbWFpbCI6InppYUBnbWFpbC5jb20iLCJsZXZlbCI6IkN1c3RvbWVyIiwiaWF0IjoxNjExODA4ODExfQ.2cxhOvKv6ME-BKpIb6rutJkGehH9FScKD4sz1Noot1E'),
(140, 'eyJhbGciOiJIUzI1NiIsInR5cCI6IkpXVCJ9.eyJlbWFpbCI6InppYUBnbWFpbC5jb20iLCJsZXZlbCI6IkN1c3RvbWVyIiwiaWF0IjoxNjEzMDI0NTM4fQ.lFGWafRfxSmpCIoSbrqvKvDuLM9Ml6lnpw-bPXC2bUY'),
(138, 'eyJhbGciOiJIUzI1NiIsInR5cCI6IkpXVCJ9.eyJlbWFpbCI6InppYUBnbWFpbC5jb20iLCJsZXZlbCI6IkN1c3RvbWVyIiwiaWF0IjoxNjEzMDIzMzA3fQ.K-RlqgpsJE9b-6mGGwaIlx7oGVfDcd97FIzZICcxkHo'),
(139, 'eyJhbGciOiJIUzI1NiIsInR5cCI6IkpXVCJ9.eyJlbWFpbCI6InppYUBnbWFpbC5jb20iLCJsZXZlbCI6IkN1c3RvbWVyIiwiaWF0IjoxNjEzMDIzMzA5fQ.8yUp3mqYG_B0uTGb4IdgUURFhlFIESOq1d2cwBwUn78'),
(146, 'eyJhbGciOiJIUzI1NiIsInR5cCI6IkpXVCJ9.eyJlbWFpbCI6InppYUBnbWFpbC5jb20iLCJsZXZlbCI6IkN1c3RvbWVyIiwiaWF0IjoxNjEzMDM5NDQyLCJleHAiOjE2MTMwMzk1MDJ9.033j2uKyTMhVjhFXJOr0YtIzSjFuWn4tZ4qqH8UZX4s'),
(147, 'eyJhbGciOiJIUzI1NiIsInR5cCI6IkpXVCJ9.eyJlbWFpbCI6InppYUBnbWFpbC5jb20iLCJsZXZlbCI6IkN1c3RvbWVyIiwiaWF0IjoxNjEzMDQwNTgxLCJleHAiOjE2MTMwNDA2NDF9.k4X7nXYP6hIEyhWDe7Sm6FE65K3nMzW8rzaEUoJ_FwM'),
(150, 'eyJhbGciOiJIUzI1NiIsInR5cCI6IkpXVCJ9.eyJlbWFpbCI6InppYUBnbWFpbC5jb20iLCJsZXZlbCI6IkN1c3RvbWVyIiwiaWF0IjoxNjEzMDUzMDUxLCJleHAiOjE2MTMxMzk0NTF9.fQZTvQPbErkmOHgiUJxUQbPnFCwBmOiyp567XGtdEM8'),
(179, 'eyJhbGciOiJIUzI1NiIsInR5cCI6IkpXVCJ9.eyJlbWFpbCI6InppYUBnbWFpbC5jb20iLCJsZXZlbCI6IkN1c3RvbWVyIiwiaWF0IjoxNjEzMzc5MDc3LCJleHAiOjE2MTM0NjU0Nzd9.0xVPdbhebppZfXMbfbVfjqT5rGhxfDlxDGBXDHAdHG0'),
(178, 'eyJhbGciOiJIUzI1NiIsInR5cCI6IkpXVCJ9.eyJlbWFpbCI6InppYUBnbWFpbC5jb20iLCJsZXZlbCI6IkN1c3RvbWVyIiwiaWF0IjoxNjEzMzYxNzc5LCJleHAiOjE2MTM0NDgxNzl9.8iRdVrwfBCajCnTQw-hl18hT-TMwQVNK4aDG7kNXkl0'),
(197, 'eyJhbGciOiJIUzI1NiIsInR5cCI6IkpXVCJ9.eyJlbWFpbCI6InppYUBnbWFpbC5jb20iLCJsZXZlbCI6IkN1c3RvbWVyIiwiaWF0IjoxNjEzNDc3Njc5LCJleHAiOjE2MTYwNjk2Nzl9.YZkFzHAZOC5IfO32IG06dBgQcpNO2KXrUgImjIyzjLs'),
(191, 'eyJhbGciOiJIUzI1NiIsInR5cCI6IkpXVCJ9.eyJlbWFpbCI6InppYUBnbWFpbC5jb20iLCJsZXZlbCI6IkN1c3RvbWVyIiwiaWF0IjoxNjEzNDY5MjQ0LCJleHAiOjE2MTM0NjkyNzR9.0jgUnlQjJkl7P53pdOlpBpgUxmuSy1-yMRB2tuLJYqI'),
(190, 'eyJhbGciOiJIUzI1NiIsInR5cCI6IkpXVCJ9.eyJlbWFpbCI6InppYUBnbWFpbC5jb20iLCJsZXZlbCI6IkN1c3RvbWVyIiwiaWF0IjoxNjEzNDY5MTY0LCJleHAiOjE2MTM0NjkxOTR9.ruPCZna4y3PWU6OIIsrjfC5yIQroE06ltr-3odEynBk'),
(192, 'eyJhbGciOiJIUzI1NiIsInR5cCI6IkpXVCJ9.eyJlbWFpbCI6InppYUBnbWFpbC5jb20iLCJsZXZlbCI6IkN1c3RvbWVyIiwiaWF0IjoxNjEzNDY5MzYwLCJleHAiOjE2MTM0NjkzOTB9.xt8fbZ8JgcXM_t_DQ7lW6xR4JWSKEox3Y6lkzRoiMvU'),
(193, 'eyJhbGciOiJIUzI1NiIsInR5cCI6IkpXVCJ9.eyJlbWFpbCI6InppYUBnbWFpbC5jb20iLCJsZXZlbCI6IkN1c3RvbWVyIiwiaWF0IjoxNjEzNDY5NDU4LCJleHAiOjE2MTM0Njk0ODh9.EGybWZO7Ps7X08ePIWpyHs1Kb14S-JhlySy8wjeIBuo'),
(194, 'eyJhbGciOiJIUzI1NiIsInR5cCI6IkpXVCJ9.eyJlbWFpbCI6InppYUBnbWFpbC5jb20iLCJsZXZlbCI6IkN1c3RvbWVyIiwiaWF0IjoxNjEzNDY5NTIzLCJleHAiOjE2MTM0Njk1NTN9.6CbBai9AZKz8OhLe5ScH_MQVxY6_GMQfBDwSPeeIb-w'),
(199, 'eyJhbGciOiJIUzI1NiIsInR5cCI6IkpXVCJ9.eyJlbWFpbCI6InVkaW5lQGdtYWlsLmNvbSIsImxldmVsIjoiU2VsbGVyIiwiaWF0IjoxNjEzNTIxNzIxLCJleHAiOjE2MTYxMTM3MjF9.YSl8K1-YOK3VjXlCNrpvhVVuvvtoU0T5cm_axU83y4Y');

-- --------------------------------------------------------

--
-- Struktur dari tabel `users`
--

CREATE TABLE `users` (
  `id` int(11) NOT NULL,
  `email` varchar(255) NOT NULL,
  `user_name` varchar(255) NOT NULL,
  `user_password` varchar(255) NOT NULL,
  `level_id` int(11) NOT NULL,
  `store_name` varchar(255) DEFAULT NULL,
  `birth_date` datetime NOT NULL DEFAULT current_timestamp(),
  `phone_num` varchar(255) DEFAULT NULL,
  `photo_user` varchar(255) DEFAULT NULL
) ENGINE=InnoDB DEFAULT CHARSET=utf8mb4;

--
-- Dumping data untuk tabel `users`
--

INSERT INTO `users` (`id`, `email`, `user_name`, `user_password`, `level_id`, `store_name`, `birth_date`, `phone_num`, `photo_user`) VALUES
(3, 'mark01@gmail.com', 'mark01', '$2b$10$bCAfgXa4g.QQ4cF8/v0NMuDbYfEGdw24M4uJ9N6OUjl4DINJw09KW', 1, '', '2021-02-21 14:59:29', '', NULL),
(4, 'masbro@gmail.com', 'masbro', '$2b$10$xIwrfiwYfj.0kfkHBZKVB.40x7LChKINknBGZq0ZF90HiflnyBB1i', 2, '', '2021-02-21 14:59:29', '', NULL),
(6, 'masbro01@gmail.com', 'masbro01', '$2b$10$C7G6AJi85.EkI/M6CAtj..Istys0lx3DeofkUc0sy43WwNpsHhpti', 2, '', '2021-02-21 14:59:29', '', NULL),
(7, 'masbro02@gmail.com', 'masbro02', '$2b$10$qM2coXB9NnqqSXHHBml4TOoBbHJT7GiL.4jx35ZTNZoT1yDUSQ4wa', 2, '', '2021-02-21 14:59:29', '', NULL),
(8, 'user@gmail.com', 'usertest', '$2b$10$0VYeFvmSMQbg3j4DWfkbrOwUHu3.2zSaneLRuIm4.X/yGWwYk/L1.', 2, '', '2021-02-21 14:59:29', '', NULL),
(9, 'ak@mail.com', 'aku', '$2b$10$M9Bxo8lZ.iVhbi5g4ukKZeArIl937pAhPy0vz.h0o9G0/8.4PFZrO', 2, 'ak store', '2021-02-21 14:59:29', '0852', NULL),
(10, 'bro@mail.com', 'bro', '$2b$10$AOKQqCk76qC7y6CWY.xqbu4CloAcDDdGmnJtVQxiFx606JtZjvx0e', 2, 'store bro', '2021-02-21 14:59:29', '123', NULL),
(11, 'demo@mail.com', 'demo', '$2b$10$cBtLysTtZhgrlaSh.0O7eO9kbEL0GSlnv5/S.xeWvmaK2CT0vmD82', 2, 'demo store', '2021-02-21 14:59:29', '123', NULL),
(12, 'hendra.solih.jp@gmail.com', 'hendra', '$2b$10$YH9SU2JePAQMLhZzsQq3LOJNSAjyNAtGnEY.nLffSbtqPKMweWsAe', 1, NULL, '2021-02-21 14:59:29', NULL, 'https://i.imgur.com/OsyDmHm.jpg'),
(20, 'zia@gmail.com', 'zia', '$2b$10$FuNbDUZvBX7e658JfSg33OW0OAC1dTIg.GnbJ5oB7BhrW.KTgNmwm', 2, NULL, '2021-02-21 14:59:29', NULL, NULL),
(24, 'leh@mail.com', 'leh', '$2b$10$qNgwG9wCyYn7Gq5nDKYDOuiXVHhQlySqrhrXFb.BYNQJ88kh7m9WS', 1, 'leh store', '2021-02-21 14:59:29', NULL, NULL),
(25, 'cus@mail.com', 'cus', '$2b$10$d.POAr6fct25i82qkMWv7usiZ1/.fN78QhU/xfrcMh.i0Evh3tn36', 2, '', '2021-02-21 14:59:29', NULL, NULL),
(96, 'udine@gmail.com', 'udine', '$2b$10$IJOUlpATaZV.kJcJ5g9STec97O46BnjggOZYf0TAPGQq8k05D41bK', 1, 'udine store', '2021-02-21 14:59:29', NULL, NULL),
(97, 'mghalyramadhan@gmail.com', 'luffy d monkey', '$2b$10$I3mXD6sD7R1t4EaWheErtuy7UoxDmpt6fV181O4s5o2hdxRHpVXFy', 1, 'Toke pedia', '2021-02-21 14:59:29', NULL, NULL),
(98, 'mochammadghaly@gmail.com', 'Eren yeagah', '$2b$10$oKmzq.lP5S3orfAMlnIVxeezaDilXJDKf0vqfXW65DuCgIB9y5BRi', 2, NULL, '2021-02-21 14:59:29', NULL, NULL);

--
-- Indexes for dumped tables
--

--
-- Indeks untuk tabel `address`
--
ALTER TABLE `address`
  ADD PRIMARY KEY (`id`);

--
-- Indeks untuk tabel `category_product`
--
ALTER TABLE `category_product`
  ADD PRIMARY KEY (`ctg_id`);

--
-- Indeks untuk tabel `color`
--
ALTER TABLE `color`
  ADD PRIMARY KEY (`id`);

--
-- Indeks untuk tabel `conditions`
--
ALTER TABLE `conditions`
  ADD PRIMARY KEY (`cndtn_id`);

--
-- Indeks untuk tabel `invoice`
--
ALTER TABLE `invoice`
  ADD PRIMARY KEY (`id`);

--
-- Indeks untuk tabel `levels`
--
ALTER TABLE `levels`
  ADD PRIMARY KEY (`id`);

--
-- Indeks untuk tabel `products`
--
ALTER TABLE `products`
  ADD PRIMARY KEY (`prd_id`);

--
-- Indeks untuk tabel `product_color`
--
ALTER TABLE `product_color`
  ADD PRIMARY KEY (`pc_id`);

--
-- Indeks untuk tabel `product_size`
--
ALTER TABLE `product_size`
  ADD PRIMARY KEY (`ps_id`);

--
-- Indeks untuk tabel `reviews`
--
ALTER TABLE `reviews`
  ADD PRIMARY KEY (`id`),
  ADD UNIQUE KEY `user_id` (`user_id`,`prd_id`);

--
-- Indeks untuk tabel `room_list`
--
ALTER TABLE `room_list`
  ADD PRIMARY KEY (`id`),
  ADD UNIQUE KEY `room_id` (`room_id`);

--
-- Indeks untuk tabel `size`
--
ALTER TABLE `size`
  ADD PRIMARY KEY (`size_id`);

--
-- Indeks untuk tabel `tb_chat`
--
ALTER TABLE `tb_chat`
  ADD PRIMARY KEY (`id`);

--
-- Indeks untuk tabel `tb_otp`
--
ALTER TABLE `tb_otp`
  ADD PRIMARY KEY (`id`);

--
-- Indeks untuk tabel `token_blacklist`
--
ALTER TABLE `token_blacklist`
  ADD PRIMARY KEY (`id`);

--
-- Indeks untuk tabel `token_whitelist`
--
ALTER TABLE `token_whitelist`
  ADD PRIMARY KEY (`id`),
  ADD UNIQUE KEY `token` (`token`);

--
-- Indeks untuk tabel `users`
--
ALTER TABLE `users`
  ADD PRIMARY KEY (`id`),
  ADD UNIQUE KEY `email` (`email`);

--
-- AUTO_INCREMENT untuk tabel yang dibuang
--

--
-- AUTO_INCREMENT untuk tabel `address`
--
ALTER TABLE `address`
  MODIFY `id` int(11) NOT NULL AUTO_INCREMENT, AUTO_INCREMENT=40;

--
-- AUTO_INCREMENT untuk tabel `category_product`
--
ALTER TABLE `category_product`
  MODIFY `ctg_id` int(11) NOT NULL AUTO_INCREMENT, AUTO_INCREMENT=12;

--
-- AUTO_INCREMENT untuk tabel `color`
--
ALTER TABLE `color`
  MODIFY `id` int(11) NOT NULL AUTO_INCREMENT, AUTO_INCREMENT=8;

--
-- AUTO_INCREMENT untuk tabel `conditions`
--
ALTER TABLE `conditions`
  MODIFY `cndtn_id` int(11) NOT NULL AUTO_INCREMENT, AUTO_INCREMENT=5;

--
-- AUTO_INCREMENT untuk tabel `invoice`
--
ALTER TABLE `invoice`
  MODIFY `id` int(11) NOT NULL AUTO_INCREMENT, AUTO_INCREMENT=29;

--
-- AUTO_INCREMENT untuk tabel `levels`
--
ALTER TABLE `levels`
  MODIFY `id` int(11) NOT NULL AUTO_INCREMENT, AUTO_INCREMENT=3;

--
-- AUTO_INCREMENT untuk tabel `products`
--
ALTER TABLE `products`
  MODIFY `prd_id` int(11) NOT NULL AUTO_INCREMENT, AUTO_INCREMENT=106;

--
-- AUTO_INCREMENT untuk tabel `product_color`
--
ALTER TABLE `product_color`
  MODIFY `pc_id` int(11) NOT NULL AUTO_INCREMENT, AUTO_INCREMENT=36;

--
-- AUTO_INCREMENT untuk tabel `product_size`
--
ALTER TABLE `product_size`
  MODIFY `ps_id` int(11) NOT NULL AUTO_INCREMENT, AUTO_INCREMENT=41;

--
-- AUTO_INCREMENT untuk tabel `reviews`
--
ALTER TABLE `reviews`
  MODIFY `id` int(11) NOT NULL AUTO_INCREMENT, AUTO_INCREMENT=21;

--
-- AUTO_INCREMENT untuk tabel `room_list`
--
ALTER TABLE `room_list`
  MODIFY `id` int(11) NOT NULL AUTO_INCREMENT, AUTO_INCREMENT=10;

--
-- AUTO_INCREMENT untuk tabel `size`
--
ALTER TABLE `size`
  MODIFY `size_id` int(11) NOT NULL AUTO_INCREMENT, AUTO_INCREMENT=11;

--
-- AUTO_INCREMENT untuk tabel `tb_chat`
--
ALTER TABLE `tb_chat`
  MODIFY `id` int(11) NOT NULL AUTO_INCREMENT, AUTO_INCREMENT=11;

--
-- AUTO_INCREMENT untuk tabel `tb_otp`
--
ALTER TABLE `tb_otp`
  MODIFY `id` int(11) NOT NULL AUTO_INCREMENT, AUTO_INCREMENT=34;

--
-- AUTO_INCREMENT untuk tabel `token_blacklist`
--
ALTER TABLE `token_blacklist`
  MODIFY `id` int(11) NOT NULL AUTO_INCREMENT, AUTO_INCREMENT=20;

--
-- AUTO_INCREMENT untuk tabel `token_whitelist`
--
ALTER TABLE `token_whitelist`
  MODIFY `id` int(11) NOT NULL AUTO_INCREMENT, AUTO_INCREMENT=212;

--
-- AUTO_INCREMENT untuk tabel `users`
--
ALTER TABLE `users`
  MODIFY `id` int(11) NOT NULL AUTO_INCREMENT, AUTO_INCREMENT=99;
COMMIT;

/*!40101 SET CHARACTER_SET_CLIENT=@OLD_CHARACTER_SET_CLIENT */;
/*!40101 SET CHARACTER_SET_RESULTS=@OLD_CHARACTER_SET_RESULTS */;
/*!40101 SET COLLATION_CONNECTION=@OLD_COLLATION_CONNECTION */;
